schema_version,source_workbook,source_workbook_sha256,source_sheet,source_range,extraction_date,design_family,branch,lookup_column,source_cell,raw_formula,cached_value_json,data_type
1.0.0,"Таблица по подбору сечений теплых ангаров пролетами 9м, 12м, 15м, 18м, 21м, 24м версия 1,5.xlsx",0271b96c6fe725d3e50ad7891401958322a5ae97866bb0bf8cb190bc4bbeff3f,9м,9м!ID19,2026-09-17,9,ROW14,F,ID19,"=INDEX(ID6:ID14,MATCH(HZ18,HZ6:HZ14,0))",244,n
1.0.0,"Таблица по подбору сечений теплых ангаров пролетами 9м, 12м, 15м, 18м, 21м, 24м версия 1,5.xlsx",0271b96c6fe725d3e50ad7891401958322a5ae97866bb0bf8cb190bc4bbeff3f,9м,9м!IH19,2026-09-17,9,ROW14,J,IH19,"=INDEX(IH6:IH14,MATCH(HZ18,HZ6:HZ14,0))",186,n
1.0.0,"Таблица по подбору сечений теплых ангаров пролетами 9м, 12м, 15м, 18м, 21м, 24м версия 1,5.xlsx",0271b96c6fe725d3e50ad7891401958322a5ae97866bb0bf8cb190bc4bbeff3f,9м,9м!II19,2026-09-17,9,ROW14,K,II19,"=INDEX(II6:II14,MATCH(HZ18,HZ6:HZ14,0))","""6х2""",s
1.0.0,"Таблица по подбору сечений теплых ангаров пролетами 9м, 12м, 15м, 18м, 21м, 24м версия 1,5.xlsx",0271b96c6fe725d3e50ad7891401958322a5ae97866bb0bf8cb190bc4bbeff3f,9м,9м!IJ19,2026-09-17,9,ROW14,L,IJ19,"=INDEX(IJ6:IJ14,MATCH(HZ18,HZ6:HZ14,0))","""8х2""",s
1.0.0,"Таблица по подбору сечений теплых ангаров пролетами 9м, 12м, 15м, 18м, 21м, 24м версия 1,5.xlsx",0271b96c6fe725d3e50ad7891401958322a5ae97866bb0bf8cb190bc4bbeff3f,9м,9м!IK19,2026-09-17,9,ROW14,M,IK19,"=INDEX(IK6:IK14,MATCH(HZ18,HZ6:HZ14,0))","""7х2""",s
1.0.0,"Таблица по подбору сечений теплых ангаров пролетами 9м, 12м, 15м, 18м, 21м, 24м версия 1,5.xlsx",0271b96c6fe725d3e50ad7891401958322a5ae97866bb0bf8cb190bc4bbeff3f,9м,9м!IL19,2026-09-17,9,ROW14,N,IL19,"=INDEX(IL6:IL14,MATCH(HZ18,HZ6:HZ14,0))","""8х2""",s
1.0.0,"Таблица по подбору сечений теплых ангаров пролетами 9м, 12м, 15м, 18м, 21м, 24м версия 1,5.xlsx",0271b96c6fe725d3e50ad7891401958322a5ae97866bb0bf8cb190bc4bbeff3f,12м,12м!ID19,2026-09-17,12,ROW14,F,ID19,"=INDEX(ID6:ID14,MATCH(HZ18,HZ6:HZ14,0))",260,n
1.0.0,"Таблица по подбору сечений теплых ангаров пролетами 9м, 12м, 15м, 18м, 21м, 24м версия 1,5.xlsx",0271b96c6fe725d3e50ad7891401958322a5ae97866bb0bf8cb190bc4bbeff3f,12м,12м!IH19,2026-09-17,12,ROW14,J,IH19,"=INDEX(IH6:IH14,MATCH(HZ18,HZ6:HZ14,0))",233,n
1.0.0,"Таблица по подбору сечений теплых ангаров пролетами 9м, 12м, 15м, 18м, 21м, 24м версия 1,5.xlsx",0271b96c6fe725d3e50ad7891401958322a5ae97866bb0bf8cb190bc4bbeff3f,12м,12м!II19,2026-09-17,12,ROW14,K,II19,"=INDEX(II6:II14,MATCH(HZ18,HZ6:HZ14,0))","""7х2""",s
1.0.0,"Таблица по подбору сечений теплых ангаров пролетами 9м, 12м, 15м, 18м, 21м, 24м версия 1,5.xlsx",0271b96c6fe725d3e50ad7891401958322a5ae97866bb0bf8cb190bc4bbeff3f,12м,12м!IJ19,2026-09-17,12,ROW14,L,IJ19,"=INDEX(IJ6:IJ14,MATCH(HZ18,HZ6:HZ14,0))","""9х2""",s
1.0.0,"Таблица по подбору сечений теплых ангаров пролетами 9м, 12м, 15м, 18м, 21м, 24м версия 1,5.xlsx",0271b96c6fe725d3e50ad7891401958322a5ae97866bb0bf8cb190bc4bbeff3f,12м,12м!IK19,2026-09-17,12,ROW14,M,IK19,"=INDEX(IK6:IK14,MATCH(HZ18,HZ6:HZ14,0))","""6х2""",s
1.0.0,"Таблица по подбору сечений теплых ангаров пролетами 9м, 12м, 15м, 18м, 21м, 24м версия 1,5.xlsx",0271b96c6fe725d3e50ad7891401958322a5ae97866bb0bf8cb190bc4bbeff3f,12м,12м!IL19,2026-09-17,12,ROW14,N,IL19,"=INDEX(IL6:IL14,MATCH(HZ18,HZ6:HZ14,0))","""9х2""",s
1.0.0,"Таблица по подбору сечений теплых ангаров пролетами 9м, 12м, 15м, 18м, 21м, 24м версия 1,5.xlsx",0271b96c6fe725d3e50ad7891401958322a5ae97866bb0bf8cb190bc4bbeff3f,15м,15м!ID19,2026-09-17,15,ROW14,F,ID19,"=INDEX(ID6:ID14,MATCH(HZ18,HZ6:HZ14,0))",308,n
1.0.0,"Таблица по подбору сечений теплых ангаров пролетами 9м, 12м, 15м, 18м, 21м, 24м версия 1,5.xlsx",0271b96c6fe725d3e50ad7891401958322a5ae97866bb0bf8cb190bc4bbeff3f,15м,15м!IH19,2026-09-17,15,ROW14,J,IH19,"=INDEX(IH6:IH14,MATCH(HZ18,HZ6:HZ14,0))",264,n
1.0.0,"Таблица по подбору сечений теплых ангаров пролетами 9м, 12м, 15м, 18м, 21м, 24м версия 1,5.xlsx",0271b96c6fe725d3e50ad7891401958322a5ae97866bb0bf8cb190bc4bbeff3f,15м,15м!II19,2026-09-17,15,ROW14,K,II19,"=INDEX(II6:II14,MATCH(HZ18,HZ6:HZ14,0))","""9х2""",s
1.0.0,"Таблица по подбору сечений теплых ангаров пролетами 9м, 12м, 15м, 18м, 21м, 24м версия 1,5.xlsx",0271b96c6fe725d3e50ad7891401958322a5ae97866bb0bf8cb190bc4bbeff3f,15м,15м!IJ19,2026-09-17,15,ROW14,L,IJ19,"=INDEX(IJ6:IJ14,MATCH(HZ18,HZ6:HZ14,0))","""10х2""",s
1.0.0,"Таблица по подбору сечений теплых ангаров пролетами 9м, 12м, 15м, 18м, 21м, 24м версия 1,5.xlsx",0271b96c6fe725d3e50ad7891401958322a5ae97866bb0bf8cb190bc4bbeff3f,15м,15м!IK19,2026-09-17,15,ROW14,M,IK19,"=INDEX(IK6:IK14,MATCH(HZ18,HZ6:HZ14,0))","""8х2""",s
1.0.0,"Таблица по подбору сечений теплых ангаров пролетами 9м, 12м, 15м, 18м, 21м, 24м версия 1,5.xlsx",0271b96c6fe725d3e50ad7891401958322a5ae97866bb0bf8cb190bc4bbeff3f,15м,15м!IL19,2026-09-17,15,ROW14,N,IL19,"=INDEX(IL6:IL14,MATCH(HZ18,HZ6:HZ14,0))","""10х2""",s
1.0.0,"Таблица по подбору сечений теплых ангаров пролетами 9м, 12м, 15м, 18м, 21м, 24м версия 1,5.xlsx",0271b96c6fe725d3e50ad7891401958322a5ae97866bb0bf8cb190bc4bbeff3f,18м,18м!ID19,2026-09-17,18,ROW14,F,ID19,"=INDEX(ID6:ID14,MATCH(HZ18,HZ6:HZ14,0))",332,n
1.0.0,"Таблица по подбору сечений теплых ангаров пролетами 9м, 12м, 15м, 18м, 21м, 24м версия 1,5.xlsx",0271b96c6fe725d3e50ad7891401958322a5ae97866bb0bf8cb190bc4bbeff3f,18м,18м!IH19,2026-09-17,18,ROW14,J,IH19,"=INDEX(IH6:IH14,MATCH(HZ18,HZ6:HZ14,0))",280,n
1.0.0,"Таблица по подбору сечений теплых ангаров пролетами 9м, 12м, 15м, 18м, 21м, 24м версия 1,5.xlsx",0271b96c6fe725d3e50ad7891401958322a5ae97866bb0bf8cb190bc4bbeff3f,18м,18м!II19,2026-09-17,18,ROW14,K,II19,"=INDEX(II6:II14,MATCH(HZ18,HZ6:HZ14,0))","""10х2""",s
1.0.0,"Таблица по подбору сечений теплых ангаров пролетами 9м, 12м, 15м, 18м, 21м, 24м версия 1,5.xlsx",0271b96c6fe725d3e50ad7891401958322a5ae97866bb0bf8cb190bc4bbeff3f,18м,18м!IJ19,2026-09-17,18,ROW14,L,IJ19,"=INDEX(IJ6:IJ14,MATCH(HZ18,HZ6:HZ14,0))","""11х2""",s
1.0.0,"Таблица по подбору сечений теплых ангаров пролетами 9м, 12м, 15м, 18м, 21м, 24м версия 1,5.xlsx",0271b96c6fe725d3e50ad7891401958322a5ae97866bb0bf8cb190bc4bbeff3f,18м,18м!IK19,2026-09-17,18,ROW14,M,IK19,"=INDEX(IK6:IK14,MATCH(HZ18,HZ6:HZ14,0))","""8х2""",s
1.0.0,"Таблица по подбору сечений теплых ангаров пролетами 9м, 12м, 15м, 18м, 21м, 24м версия 1,5.xlsx",0271b96c6fe725d3e50ad7891401958322a5ae97866bb0bf8cb190bc4bbeff3f,18м,18м!IL19,2026-09-17,18,ROW14,N,IL19,"=INDEX(IL6:IL14,MATCH(HZ18,HZ6:HZ14,0))","""11х2""",s
1.0.0,"Таблица по подбору сечений теплых ангаров пролетами 9м, 12м, 15м, 18м, 21м, 24м версия 1,5.xlsx",0271b96c6fe725d3e50ad7891401958322a5ae97866bb0bf8cb190bc4bbeff3f,21м,21м!ID19,2026-09-17,21,ROW14,F,ID19,"=INDEX(ID6:ID14,MATCH(HZ18,HZ6:HZ14,0))",324,n
1.0.0,"Таблица по подбору сечений теплых ангаров пролетами 9м, 12м, 15м, 18м, 21м, 24м версия 1,5.xlsx",0271b96c6fe725d3e50ad7891401958322a5ae97866bb0bf8cb190bc4bbeff3f,21м,21м!IH19,2026-09-17,21,ROW14,J,IH19,"=INDEX(IH6:IH14,MATCH(HZ18,HZ6:HZ14,0))",304,n
1.0.0,"Таблица по подбору сечений теплых ангаров пролетами 9м, 12м, 15м, 18м, 21м, 24м версия 1,5.xlsx",0271b96c6fe725d3e50ad7891401958322a5ae97866bb0bf8cb190bc4bbeff3f,21м,21м!II19,2026-09-17,21,ROW14,K,II19,"=INDEX(II6:II14,MATCH(HZ18,HZ6:HZ14,0))","""10х2""",s
1.0.0,"Таблица по подбору сечений теплых ангаров пролетами 9м, 12м, 15м, 18м, 21м, 24м версия 1,5.xlsx",0271b96c6fe725d3e50ad7891401958322a5ae97866bb0bf8cb190bc4bbeff3f,21м,21м!IJ19,2026-09-17,21,ROW14,L,IJ19,"=INDEX(IJ6:IJ14,MATCH(HZ18,HZ6:HZ14,0))","""10х2""",s
1.0.0,"Таблица по подбору сечений теплых ангаров пролетами 9м, 12м, 15м, 18м, 21м, 24м версия 1,5.xlsx",0271b96c6fe725d3e50ad7891401958322a5ae97866bb0bf8cb190bc4bbeff3f,21м,21м!IK19,2026-09-17,21,ROW14,M,IK19,"=INDEX(IK6:IK14,MATCH(HZ18,HZ6:HZ14,0))","""8х2""",s
1.0.0,"Таблица по подбору сечений теплых ангаров пролетами 9м, 12м, 15м, 18м, 21м, 24м версия 1,5.xlsx",0271b96c6fe725d3e50ad7891401958322a5ae97866bb0bf8cb190bc4bbeff3f,21м,21м!IL19,2026-09-17,21,ROW14,N,IL19,"=INDEX(IL6:IL14,MATCH(HZ18,HZ6:HZ14,0))","""11х2""",s
1.0.0,"Таблица по подбору сечений теплых ангаров пролетами 9м, 12м, 15м, 18м, 21м, 24м версия 1,5.xlsx",0271b96c6fe725d3e50ad7891401958322a5ae97866bb0bf8cb190bc4bbeff3f,24м,24м!KP19,2026-09-17,24,ROW14,F,KP19,"=INDEX(KP6:KP14,MATCH(KL18,KL6:KL14,0))","""#N/A""",e
1.0.0,"Таблица по подбору сечений теплых ангаров пролетами 9м, 12м, 15м, 18м, 21м, 24м версия 1,5.xlsx",0271b96c6fe725d3e50ad7891401958322a5ae97866bb0bf8cb190bc4bbeff3f,24м,24м!KT19,2026-09-17,24,ROW14,J,KT19,"=INDEX(KT6:KT14,MATCH(KL18,KL6:KL14,0))","""#N/A""",e
1.0.0,"Таблица по подбору сечений теплых ангаров пролетами 9м, 12м, 15м, 18м, 21м, 24м версия 1,5.xlsx",0271b96c6fe725d3e50ad7891401958322a5ae97866bb0bf8cb190bc4bbeff3f,24м,24м!KU19,2026-09-17,24,ROW14,K,KU19,"=INDEX(KU6:KU14,MATCH(KL18,KL6:KL14,0))","""#N/A""",e
1.0.0,"Таблица по подбору сечений теплых ангаров пролетами 9м, 12м, 15м, 18м, 21м, 24м версия 1,5.xlsx",0271b96c6fe725d3e50ad7891401958322a5ae97866bb0bf8cb190bc4bbeff3f,24м,24м!KV19,2026-09-17,24,ROW14,L,KV19,"=INDEX(KV6:KV14,MATCH(KL18,KL6:KL14,0))","""#N/A""",e
1.0.0,"Таблица по подбору сечений теплых ангаров пролетами 9м, 12м, 15м, 18м, 21м, 24м версия 1,5.xlsx",0271b96c6fe725d3e50ad7891401958322a5ae97866bb0bf8cb190bc4bbeff3f,24м,24м!KW19,2026-09-17,24,ROW14,M,KW19,"=INDEX(KW6:KW14,MATCH(KL18,KL6:KL14,0))","""#N/A""",e
1.0.0,"Таблица по подбору сечений теплых ангаров пролетами 9м, 12м, 15м, 18м, 21м, 24м версия 1,5.xlsx",0271b96c6fe725d3e50ad7891401958322a5ae97866bb0bf8cb190bc4bbeff3f,24м,24м!KX19,2026-09-17,24,ROW14,N,KX19,"=INDEX(KX6:KX14,MATCH(KL18,KL6:KL14,0))","""#N/A""",e
1.0.0,"Таблица по подбору сечений теплых ангаров пролетами 9м, 12м, 15м, 18м, 21м, 24м версия 1,5.xlsx",0271b96c6fe725d3e50ad7891401958322a5ae97866bb0bf8cb190bc4bbeff3f,9м,9м!RT19,2026-09-17,9,ROW15,F,RT19,"=INDEX(RT6:RT14,MATCH(RP18,RP6:RP14,0))",244,n
1.0.0,"Таблица по подбору сечений теплых ангаров пролетами 9м, 12м, 15м, 18м, 21м, 24м версия 1,5.xlsx",0271b96c6fe725d3e50ad7891401958322a5ae97866bb0bf8cb190bc4bbeff3f,9м,9м!RX19,2026-09-17,9,ROW15,J,RX19,"=INDEX(RX6:RX14,MATCH(RP18,RP6:RP14,0))",186,n
1.0.0,"Таблица по подбору сечений теплых ангаров пролетами 9м, 12м, 15м, 18м, 21м, 24м версия 1,5.xlsx",0271b96c6fe725d3e50ad7891401958322a5ae97866bb0bf8cb190bc4bbeff3f,9м,9м!RY19,2026-09-17,9,ROW15,K,RY19,"=INDEX(RY6:RY14,MATCH(RP18,RP6:RP14,0))","""6х2""",s
1.0.0,"Таблица по подбору сечений теплых ангаров пролетами 9м, 12м, 15м, 18м, 21м, 24м версия 1,5.xlsx",0271b96c6fe725d3e50ad7891401958322a5ae97866bb0bf8cb190bc4bbeff3f,9м,9м!RZ19,2026-09-17,9,ROW15,L,RZ19,"=INDEX(RZ6:RZ14,MATCH(RP18,RP6:RP14,0))","""8х2""",s
1.0.0,"Таблица по подбору сечений теплых ангаров пролетами 9м, 12м, 15м, 18м, 21м, 24м версия 1,5.xlsx",0271b96c6fe725d3e50ad7891401958322a5ae97866bb0bf8cb190bc4bbeff3f,9м,9м!SA19,2026-09-17,9,ROW15,M,SA19,"=INDEX(SA6:SA14,MATCH(RP18,RP6:RP14,0))","""7х2""",s
1.0.0,"Таблица по подбору сечений теплых ангаров пролетами 9м, 12м, 15м, 18м, 21м, 24м версия 1,5.xlsx",0271b96c6fe725d3e50ad7891401958322a5ae97866bb0bf8cb190bc4bbeff3f,9м,9м!SB19,2026-09-17,9,ROW15,N,SB19,"=INDEX(SB6:SB14,MATCH(RP18,RP6:RP14,0))","""8х2""",s
1.0.0,"Таблица по подбору сечений теплых ангаров пролетами 9м, 12м, 15м, 18м, 21м, 24м версия 1,5.xlsx",0271b96c6fe725d3e50ad7891401958322a5ae97866bb0bf8cb190bc4bbeff3f,12м,12м!RT19,2026-09-17,12,ROW15,F,RT19,"=INDEX(RT6:RT14,MATCH(RP18,RP6:RP14,0))",260,n
1.0.0,"Таблица по подбору сечений теплых ангаров пролетами 9м, 12м, 15м, 18м, 21м, 24м версия 1,5.xlsx",0271b96c6fe725d3e50ad7891401958322a5ae97866bb0bf8cb190bc4bbeff3f,12м,12м!RX19,2026-09-17,12,ROW15,J,RX19,"=INDEX(RX6:RX14,MATCH(RP18,RP6:RP14,0))",233,n
1.0.0,"Таблица по подбору сечений теплых ангаров пролетами 9м, 12м, 15м, 18м, 21м, 24м версия 1,5.xlsx",0271b96c6fe725d3e50ad7891401958322a5ae97866bb0bf8cb190bc4bbeff3f,12м,12м!RY19,2026-09-17,12,ROW15,K,RY19,"=INDEX(RY6:RY14,MATCH(RP18,RP6:RP14,0))","""7х2""",s
1.0.0,"Таблица по подбору сечений теплых ангаров пролетами 9м, 12м, 15м, 18м, 21м, 24м версия 1,5.xlsx",0271b96c6fe725d3e50ad7891401958322a5ae97866bb0bf8cb190bc4bbeff3f,12м,12м!RZ19,2026-09-17,12,ROW15,L,RZ19,"=INDEX(RZ6:RZ14,MATCH(RP18,RP6:RP14,0))","""9х2""",s
1.0.0,"Таблица по подбору сечений теплых ангаров пролетами 9м, 12м, 15м, 18м, 21м, 24м версия 1,5.xlsx",0271b96c6fe725d3e50ad7891401958322a5ae97866bb0bf8cb190bc4bbeff3f,12м,12м!SA19,2026-09-17,12,ROW15,M,SA19,"=INDEX(SA6:SA14,MATCH(RP18,RP6:RP14,0))","""6х2""",s
1.0.0,"Таблица по подбору сечений теплых ангаров пролетами 9м, 12м, 15м, 18м, 21м, 24м версия 1,5.xlsx",0271b96c6fe725d3e50ad7891401958322a5ae97866bb0bf8cb190bc4bbeff3f,12м,12м!SB19,2026-09-17,12,ROW15,N,SB19,"=INDEX(SB6:SB14,MATCH(RP18,RP6:RP14,0))","""9х2""",s
1.0.0,"Таблица по подбору сечений теплых ангаров пролетами 9м, 12м, 15м, 18м, 21м, 24м версия 1,5.xlsx",0271b96c6fe725d3e50ad7891401958322a5ae97866bb0bf8cb190bc4bbeff3f,15м,15м!RT19,2026-09-17,15,ROW15,F,RT19,"=INDEX(RT6:RT14,MATCH(RP18,RP6:RP14,0))",308,n
1.0.0,"Таблица по подбору сечений теплых ангаров пролетами 9м, 12м, 15м, 18м, 21м, 24м версия 1,5.xlsx",0271b96c6fe725d3e50ad7891401958322a5ae97866bb0bf8cb190bc4bbeff3f,15м,15м!RX19,2026-09-17,15,ROW15,J,RX19,"=INDEX(RX6:RX14,MATCH(RP18,RP6:RP14,0))",264,n
1.0.0,"Таблица по подбору сечений теплых ангаров пролетами 9м, 12м, 15м, 18м, 21м, 24м версия 1,5.xlsx",0271b96c6fe725d3e50ad7891401958322a5ae97866bb0bf8cb190bc4bbeff3f,15м,15м!RY19,2026-09-17,15,ROW15,K,RY19,"=INDEX(RY6:RY14,MATCH(RP18,RP6:RP14,0))","""9х2""",s
1.0.0,"Таблица по подбору сечений теплых ангаров пролетами 9м, 12м, 15м, 18м, 21м, 24м версия 1,5.xlsx",0271b96c6fe725d3e50ad7891401958322a5ae97866bb0bf8cb190bc4bbeff3f,15м,15м!RZ19,2026-09-17,15,ROW15,L,RZ19,"=INDEX(RZ6:RZ14,MATCH(RP18,RP6:RP14,0))","""10х2""",s
1.0.0,"Таблица по подбору сечений теплых ангаров пролетами 9м, 12м, 15м, 18м, 21м, 24м версия 1,5.xlsx",0271b96c6fe725d3e50ad7891401958322a5ae97866bb0bf8cb190bc4bbeff3f,15м,15м!SA19,2026-09-17,15,ROW15,M,SA19,"=INDEX(SA6:SA14,MATCH(RP18,RP6:RP14,0))","""8х2""",s
1.0.0,"Таблица по подбору сечений теплых ангаров пролетами 9м, 12м, 15м, 18м, 21м, 24м версия 1,5.xlsx",0271b96c6fe725d3e50ad7891401958322a5ae97866bb0bf8cb190bc4bbeff3f,15м,15м!SB19,2026-09-17,15,ROW15,N,SB19,"=INDEX(SB6:SB14,MATCH(RP18,RP6:RP14,0))","""10х2""",s
1.0.0,"Таблица по подбору сечений теплых ангаров пролетами 9м, 12м, 15м, 18м, 21м, 24м версия 1,5.xlsx",0271b96c6fe725d3e50ad7891401958322a5ae97866bb0bf8cb190bc4bbeff3f,18м,18м!RT19,2026-09-17,18,ROW15,F,RT19,"=INDEX(RT6:RT14,MATCH(RP18,RP6:RP14,0))",332,n
1.0.0,"Таблица по подбору сечений теплых ангаров пролетами 9м, 12м, 15м, 18м, 21м, 24м версия 1,5.xlsx",0271b96c6fe725d3e50ad7891401958322a5ae97866bb0bf8cb190bc4bbeff3f,18м,18м!RX19,2026-09-17,18,ROW15,J,RX19,"=INDEX(RX6:RX14,MATCH(RP18,RP6:RP14,0))",280,n
1.0.0,"Таблица по подбору сечений теплых ангаров пролетами 9м, 12м, 15м, 18м, 21м, 24м версия 1,5.xlsx",0271b96c6fe725d3e50ad7891401958322a5ae97866bb0bf8cb190bc4bbeff3f,18м,18м!RY19,2026-09-17,18,ROW15,K,RY19,"=INDEX(RY6:RY14,MATCH(RP18,RP6:RP14,0))","""10х2""",s
1.0.0,"Таблица по подбору сечений теплых ангаров пролетами 9м, 12м, 15м, 18м, 21м, 24м версия 1,5.xlsx",0271b96c6fe725d3e50ad7891401958322a5ae97866bb0bf8cb190bc4bbeff3f,18м,18м!RZ19,2026-09-17,18,ROW15,L,RZ19,"=INDEX(RZ6:RZ14,MATCH(RP18,RP6:RP14,0))","""11х2""",s
1.0.0,"Таблица по подбору сечений теплых ангаров пролетами 9м, 12м, 15м, 18м, 21м, 24м версия 1,5.xlsx",0271b96c6fe725d3e50ad7891401958322a5ae97866bb0bf8cb190bc4bbeff3f,18м,18м!SA19,2026-09-17,18,ROW15,M,SA19,"=INDEX(SA6:SA14,MATCH(RP18,RP6:RP14,0))","""8х2""",s
1.0.0,"Таблица по подбору сечений теплых ангаров пролетами 9м, 12м, 15м, 18м, 21м, 24м версия 1,5.xlsx",0271b96c6fe725d3e50ad7891401958322a5ae97866bb0bf8cb190bc4bbeff3f,18м,18м!SB19,2026-09-17,18,ROW15,N,SB19,"=INDEX(SB6:SB14,MATCH(RP18,RP6:RP14,0))","""11х2""",s
1.0.0,"Таблица по подбору сечений теплых ангаров пролетами 9м, 12м, 15м, 18м, 21м, 24м версия 1,5.xlsx",0271b96c6fe725d3e50ad7891401958322a5ae97866bb0bf8cb190bc4bbeff3f,21м,21м!RT19,2026-09-17,21,ROW15,F,RT19,"=INDEX(RT6:RT14,MATCH(RP18,RP6:RP14,0))",324,n
1.0.0,"Таблица по подбору сечений теплых ангаров пролетами 9м, 12м, 15м, 18м, 21м, 24м версия 1,5.xlsx",0271b96c6fe725d3e50ad7891401958322a5ae97866bb0bf8cb190bc4bbeff3f,21м,21м!RX19,2026-09-17,21,ROW15,J,RX19,"=INDEX(RX6:RX14,MATCH(RP18,RP6:RP14,0))",304,n
1.0.0,"Таблица по подбору сечений теплых ангаров пролетами 9м, 12м, 15м, 18м, 21м, 24м версия 1,5.xlsx",0271b96c6fe725d3e50ad7891401958322a5ae97866bb0bf8cb190bc4bbeff3f,21м,21м!RY19,2026-09-17,21,ROW15,K,RY19,"=INDEX(RY6:RY14,MATCH(RP18,RP6:RP14,0))","""10х2""",s
1.0.0,"Таблица по подбору сечений теплых ангаров пролетами 9м, 12м, 15м, 18м, 21м, 24м версия 1,5.xlsx",0271b96c6fe725d3e50ad7891401958322a5ae97866bb0bf8cb190bc4bbeff3f,21м,21м!RZ19,2026-09-17,21,ROW15,L,RZ19,"=INDEX(RZ6:RZ14,MATCH(RP18,RP6:RP14,0))","""10х2""",s
1.0.0,"Таблица по подбору сечений теплых ангаров пролетами 9м, 12м, 15м, 18м, 21м, 24м версия 1,5.xlsx",0271b96c6fe725d3e50ad7891401958322a5ae97866bb0bf8cb190bc4bbeff3f,21м,21м!SA19,2026-09-17,21,ROW15,M,SA19,"=INDEX(SA6:SA14,MATCH(RP18,RP6:RP14,0))","""8х2""",s
1.0.0,"Таблица по подбору сечений теплых ангаров пролетами 9м, 12м, 15м, 18м, 21м, 24м версия 1,5.xlsx",0271b96c6fe725d3e50ad7891401958322a5ae97866bb0bf8cb190bc4bbeff3f,21м,21м!SB19,2026-09-17,21,ROW15,N,SB19,"=INDEX(SB6:SB14,MATCH(RP18,RP6:RP14,0))","""11х2""",s
1.0.0,"Таблица по подбору сечений теплых ангаров пролетами 9м, 12м, 15м, 18м, 21м, 24м версия 1,5.xlsx",0271b96c6fe725d3e50ad7891401958322a5ae97866bb0bf8cb190bc4bbeff3f,24м,24м!WR19,2026-09-17,24,ROW15,F,WR19,"=INDEX(WR6:WR14,MATCH(WN18,WN6:WN14,0))","""#N/A""",e
1.0.0,"Таблица по подбору сечений теплых ангаров пролетами 9м, 12м, 15м, 18м, 21м, 24м версия 1,5.xlsx",0271b96c6fe725d3e50ad7891401958322a5ae97866bb0bf8cb190bc4bbeff3f,24м,24м!WV19,2026-09-17,24,ROW15,J,WV19,"=INDEX(WV6:WV14,MATCH(WN18,WN6:WN14,0))","""#N/A""",e
1.0.0,"Таблица по подбору сечений теплых ангаров пролетами 9м, 12м, 15м, 18м, 21м, 24м версия 1,5.xlsx",0271b96c6fe725d3e50ad7891401958322a5ae97866bb0bf8cb190bc4bbeff3f,24м,24м!WW19,2026-09-17,24,ROW15,K,WW19,"=INDEX(WW6:WW14,MATCH(WN18,WN6:WN14,0))","""#N/A""",e
1.0.0,"Таблица по подбору сечений теплых ангаров пролетами 9м, 12м, 15м, 18м, 21м, 24м версия 1,5.xlsx",0271b96c6fe725d3e50ad7891401958322a5ae97866bb0bf8cb190bc4bbeff3f,24м,24м!WX19,2026-09-17,24,ROW15,L,WX19,"=INDEX(WX6:WX14,MATCH(WN18,WN6:WN14,0))","""#N/A""",e
1.0.0,"Таблица по подбору сечений теплых ангаров пролетами 9м, 12м, 15м, 18м, 21м, 24м версия 1,5.xlsx",0271b96c6fe725d3e50ad7891401958322a5ae97866bb0bf8cb190bc4bbeff3f,24м,24м!WY19,2026-09-17,24,ROW15,M,WY19,"=INDEX(WY6:WY14,MATCH(WN18,WN6:WN14,0))","""#N/A""",e
1.0.0,"Таблица по подбору сечений теплых ангаров пролетами 9м, 12м, 15м, 18м, 21м, 24м версия 1,5.xlsx",0271b96c6fe725d3e50ad7891401958322a5ae97866bb0bf8cb190bc4bbeff3f,24м,24м!WZ19,2026-09-17,24,ROW15,N,WZ19,"=INDEX(WZ6:WZ14,MATCH(WN18,WN6:WN14,0))","""#N/A""",e
